{
  "fertility_rate": {
    "min": 0.813,
    "max": 7.829,
    "mean": 2.975195960170697
  },
  "fertility_adolescent": {
    "min": 0.57,
    "max": 206.357,
    "mean": 55.7855240398293
  },
  "urban_population": {
    "min": 8.246,
    "max": 100.0,
    "mean": 56.6960679943101
  },
  "dependency_ratio": {
    "min": 17.3027574453637,
    "max": 111.209538199074,
    "mean": 61.67494703512112
  },
  "life_exp_female": {
    "min": 20.006,
    "max": 87.61,
    "mean": 72.37747140825036
  },
  "infant_mortality": {
    "min": 1.9,
    "max": 234.9,
    "mean": 29.284567350579838
  },
  "population_total": {
    "min": 11.539343417573445,
    "max": 21.061707561423983,
    "mean": 15.7447988189355
  },
  "secondary_enroll_fe": {
    "min": 0.0,
    "max": 174.837173461914,
    "mean": 79.99175831748828
  },
  "gdp_per_capita_const": {
    "min": 233.032393086367,
    "max": 112417.876989455,
    "mean": 13015.783443563898
  },
  "gdp_growth": {
    "min": -50.3385151384986,
    "max": 86.8267484395784,
    "mean": 3.8725605152726437
  },
  "services_gdp": {
    "min": 10.8591155618071,
    "max": 96.2048773616296,
    "mean": 53.63582067711543
  },
  "industry_gdp": {
    "min": 3.24309600862999,
    "max": 86.6695550057577,
    "mean": 27.472795167400736
  },
  "rule_of_law": {
    "min": -2.59087705612183,
    "max": 2.1247615814209,
    "mean": -0.09888244691654192
  },
  "income_level_encoded": {
    "min": 0.0,
    "max": 3.0,
    "mean": 1.8108108108108107
  },
  "region_eap": {
    "min": 0.0,
    "max": 1.0,
    "mean": 0.15675675675675677
  },
  "region_eca": {
    "min": 0.0,
    "max": 1.0,
    "mean": 0.2648648648648649
  },
  "region_lac": {
    "min": 0.0,
    "max": 1.0,
    "mean": 0.16216216216216217
  },
  "region_namerica": {
    "min": 0.0,
    "max": 1.0,
    "mean": 0.010810810810810811
  },
  "region_sasia": {
    "min": 0.0,
    "max": 1.0,
    "mean": 0.032432432432432434
  },
  "region_ssa": {
    "min": 0.0,
    "max": 1.0,
    "mean": 0.24864864864864866
  },
  "default_values": {
    "fertility_rate": 4.246,
    "fertility_adolescent": 136.257,
    "urban_population": 37.191,
    "dependency_ratio": 78.4146213820003,
    "life_exp_female": 65.102,
    "infant_mortality": 44.2,
    "population_total": 17.129512036521994,
    "secondary_enroll_fe": 35.3710327591243,
    "gdp_per_capita_const": 459.330367799543,
    "gdp_growth": 3.19435651744398,
    "services_gdp": 48.7393975825603,
    "industry_gdp": 21.4819574714216,
    "rule_of_law": -0.836356043815613,
    "income_level_encoded": 0.0,
    "region_eap": 0.0,
    "region_eca": 0.0,
    "region_lac": 0.0,
    "region_namerica": 0.0,
    "region_sasia": 0.0,
    "region_ssa": 1.0
  }
}